order_id,created_time,pickup_restaurant,pickup_lat,pickup_lng,dropoff_area,dropoff_lat,dropoff_lng,estimated_delivery_time_min
ORD-HYBRID-0,2025-01-15 18:32:06,City Spread Restaurant,25.285203,51.473749,City Spread Residence,25.335656,51.502571,30
ORD-HYBRID-1,2025-01-15 18:06:48,Old Airport Hub,25.250073,51.561853,Old Airport Local,25.25341,51.549872,22
ORD-HYBRID-2,2025-01-15 18:42:33,Al Waab Hub,25.261985,51.481004,Al Waab Local,25.254028,51.451348,22
ORD-HYBRID-3,2025-01-15 18:23:08,Lusail Hub,25.378273,51.511028,City Spread,25.448969,51.451701,39
ORD-HYBRID-4,2025-01-15 18:40:05,West Bay Hub,25.321664,51.511661,West Bay Local,25.332252,51.510673,19
ORD-HYBRID-5,2025-01-15 18:04:01,Al Sadd Hub,25.280783,51.486917,Al Sadd Local,25.288583,51.486578,21
ORD-HYBRID-6,2025-01-15 18:49:51,Lusail Hub,25.387621,51.517109,City Spread,25.447639,51.491308,28
ORD-HYBRID-7,2025-01-15 18:09:51,The Pearl Hub,25.376537,51.544167,The Pearl Local,25.378633,51.546812,18
ORD-HYBRID-8,2025-01-15 18:24:54,City Spread Restaurant,25.30954,51.415462,City Spread Residence,25.38751,51.487316,36
ORD-HYBRID-9,2025-01-15 18:52:57,Lusail Hub,25.407546,51.518778,City Spread,25.312274,51.450218,43
ORD-HYBRID-10,2025-01-15 18:33:53,Al Sadd Hub,25.278337,51.493024,Al Sadd Local,25.280509,51.47926,19
ORD-HYBRID-11,2025-01-15 18:36:15,City Spread Restaurant,25.37181,51.432616,City Spread Residence,25.350871,51.408439,26
ORD-HYBRID-12,2025-01-15 18:44:14,The Pearl Hub,25.377967,51.547978,The Pearl Local,25.373889,51.542968,19
ORD-HYBRID-13,2025-01-15 18:32:45,City Spread Restaurant,25.32549,51.40745,City Spread Residence,25.426793,51.470421,40
ORD-HYBRID-14,2025-01-15 18:05:57,Al Waab Hub,25.242203,51.451094,Al Waab Local,25.289915,51.471544,27
ORD-HYBRID-15,2025-01-15 18:49:40,West Bay Hub,25.315928,51.510547,West Bay Local,25.316125,51.516833,15
ORD-HYBRID-16,2025-01-15 18:32:39,City Spread Restaurant,25.263646,51.445953,City Spread Residence,25.307686,51.47567,25
ORD-HYBRID-17,2025-01-15 18:33:52,The Pearl Hub,25.376344,51.550316,The Pearl Local,25.370153,51.551457,16
ORD-HYBRID-18,2025-01-15 18:09:21,Al Waab Hub,25.252153,51.473612,Al Waab Local,25.281955,51.473196,23
ORD-HYBRID-19,2025-01-15 18:20:30,West Bay Hub,25.331571,51.508211,West Bay Local,25.315594,51.517901,17
ORD-HYBRID-20,2025-01-15 18:08:49,The Pearl Hub,25.369765,51.552797,The Pearl Local,25.371593,51.551164,19
ORD-HYBRID-21,2025-01-15 18:13:25,Al Waab Hub,25.265669,51.449568,Al Waab Local,25.266713,51.434654,22
ORD-HYBRID-22,2025-01-15 18:17:51,Old Airport Hub,25.26946,51.56924,Old Airport Local,25.238974,51.555182,24
ORD-HYBRID-23,2025-01-15 18:20:44,City Spread Restaurant,25.341252,51.479966,City Spread Residence,25.32639,51.409904,32
ORD-HYBRID-24,2025-01-15 18:23:15,Al Waab Hub,25.255296,51.461357,Al Waab Local,25.267462,51.466063,21
ORD-HYBRID-25,2025-01-15 18:10:26,The Pearl Hub,25.367596,51.552083,The Pearl Local,25.361876,51.550552,18
ORD-HYBRID-26,2025-01-15 18:45:48,City Spread Restaurant,25.362053,51.446764,City Spread Residence,25.211733,51.419261,50
ORD-HYBRID-27,2025-01-15 18:40:20,West Bay Hub,25.318486,51.512219,West Bay Local,25.319253,51.515507,18
ORD-HYBRID-28,2025-01-15 18:30:29,The Pearl Hub,25.375678,51.554566,City Spread,25.421511,51.468191,39
ORD-HYBRID-29,2025-01-15 18:34:03,City Spread Restaurant,25.23555,51.491522,City Spread Residence,25.25236,51.418792,33
ORD-HYBRID-30,2025-01-15 18:08:24,Old Airport Hub,25.247155,51.564113,City Spread,25.366346,51.518798,45
ORD-HYBRID-31,2025-01-15 18:25:05,Al Sadd Hub,25.282312,51.494202,Al Sadd Local,25.287025,51.494085,14
ORD-HYBRID-32,2025-01-15 18:56:34,Al Sadd Hub,25.298202,51.496443,Al Sadd Local,25.293613,51.487432,21
ORD-HYBRID-33,2025-01-15 18:11:31,Al Sadd Hub,25.30029,51.489128,City Spread,25.4241,51.453396,48
ORD-HYBRID-34,2025-01-15 18:12:18,Al Waab Hub,25.280921,51.44083,Al Waab Local,25.254035,51.454329,20
ORD-HYBRID-35,2025-01-15 18:09:36,City Spread Restaurant,25.419498,51.435394,City Spread Residence,25.359545,51.475378,32
ORD-HYBRID-36,2025-01-15 18:37:34,City Spread Restaurant,25.426709,51.442342,City Spread Residence,25.236037,51.505767,60
ORD-HYBRID-37,2025-01-15 18:03:57,City Spread Restaurant,25.232871,51.418445,City Spread Residence,25.326268,51.410952,37
ORD-HYBRID-38,2025-01-15 18:04:23,City Spread Restaurant,25.342698,51.448836,City Spread Residence,25.360622,51.479524,23
ORD-HYBRID-39,2025-01-15 18:05:26,West Bay Hub,25.318897,51.510629,West Bay Local,25.326207,51.504272,17
ORD-HYBRID-40,2025-01-15 18:54:40,Old Airport Hub,25.224815,51.561169,City Spread,25.395431,51.419779,64
ORD-HYBRID-41,2025-01-15 18:25:04,West Bay Hub,25.328027,51.511064,West Bay Local,25.322633,51.510355,15
ORD-HYBRID-42,2025-01-15 18:36:30,Al Waab Hub,25.261031,51.461333,Al Waab Local,25.259086,51.473094,20
ORD-HYBRID-43,2025-01-15 18:48:40,Al Sadd Hub,25.289532,51.499218,Al Sadd Local,25.287271,51.502148,18
ORD-HYBRID-44,2025-01-15 18:34:43,Al Waab Hub,25.257978,51.47613,Al Waab Local,25.249627,51.45982,23
ORD-HYBRID-45,2025-01-15 18:54:55,City Spread Restaurant,25.205355,51.496912,City Spread Residence,25.346907,51.512504,45
ORD-HYBRID-46,2025-01-15 18:29:50,Lusail Hub,25.391421,51.521979,Lusail Local,25.389572,51.513315,21
ORD-HYBRID-47,2025-01-15 18:44:29,The Pearl Hub,25.364002,51.552622,The Pearl Local,25.366871,51.55433,16
ORD-HYBRID-48,2025-01-15 18:01:43,Al Waab Hub,25.275801,51.441712,Al Waab Local,25.276806,51.462641,23
ORD-HYBRID-49,2025-01-15 18:06:10,The Pearl Hub,25.379746,51.544423,The Pearl Local,25.375331,51.548966,18
ORD-HYBRID-50,2025-01-15 18:26:54,Old Airport Hub,25.237548,51.561795,Old Airport Local,25.239596,51.55439,20
ORD-HYBRID-51,2025-01-15 18:05:03,Al Sadd Hub,25.296227,51.507943,Al Sadd Local,25.286187,51.512364,17
ORD-HYBRID-52,2025-01-15 18:55:51,City Spread Restaurant,25.359099,51.401184,City Spread Residence,25.333498,51.495382,40
ORD-HYBRID-53,2025-01-15 18:17:57,Al Waab Hub,25.28357,51.471224,Al Waab Local,25.276431,51.474802,20
ORD-HYBRID-54,2025-01-15 18:58:47,City Spread Restaurant,25.245894,51.468737,City Spread Residence,25.332675,51.49368,33
ORD-HYBRID-55,2025-01-15 18:16:38,Al Waab Hub,25.243619,51.474131,Al Waab Local,25.266077,51.471712,23
ORD-HYBRID-56,2025-01-15 18:32:17,The Pearl Hub,25.373729,51.546181,The Pearl Local,25.370786,51.550838,21
ORD-HYBRID-57,2025-01-15 18:35:37,Al Sadd Hub,25.314678,51.504554,Al Sadd Local,25.299319,51.470845,25
ORD-HYBRID-58,2025-01-15 18:33:29,West Bay Hub,25.324271,51.520173,City Spread,25.25719,51.481503,30
ORD-HYBRID-59,2025-01-15 18:54:27,City Spread Restaurant,25.242977,51.479848,City Spread Residence,25.334972,51.511095,34
ORD-HYBRID-60,2025-01-15 18:41:52,City Spread Restaurant,25.25623,51.463882,City Spread Residence,25.366043,51.551099,48
ORD-HYBRID-61,2025-01-15 18:58:34,Old Airport Hub,25.252569,51.56329,Old Airport Local,25.25738,51.554143,19
ORD-HYBRID-62,2025-01-15 18:36:01,Lusail Hub,25.41655,51.482759,Lusail Local,25.382354,51.521501,24
ORD-HYBRID-63,2025-01-15 18:56:47,City Spread Restaurant,25.402415,51.489714,City Spread Residence,25.273138,51.535497,44
ORD-HYBRID-64,2025-01-15 18:38:07,The Pearl Hub,25.372078,51.538064,City Spread,25.240621,51.416297,56
ORD-HYBRID-65,2025-01-15 18:17:08,City Spread Restaurant,25.297047,51.420139,City Spread Residence,25.27906,51.482583,34
ORD-HYBRID-66,2025-01-15 18:15:33,Al Sadd Hub,25.298597,51.483487,Al Sadd Local,25.279701,51.500971,24
ORD-HYBRID-67,2025-01-15 18:35:11,The Pearl Hub,25.374172,51.543167,The Pearl Local,25.369251,51.550957,17
ORD-HYBRID-68,2025-01-15 18:04:28,City Spread Restaurant,25.37742,51.435066,City Spread Residence,25.238709,51.526531,51
ORD-HYBRID-69,2025-01-15 18:58:19,City Spread Restaurant,25.431649,51.443491,City Spread Residence,25.361514,51.43853,30
ORD-HYBRID-70,2025-01-15 18:35:50,City Spread Restaurant,25.291326,51.426436,City Spread Residence,25.232223,51.459663,34
ORD-HYBRID-71,2025-01-15 18:53:09,Lusail Hub,25.389347,51.5219,Lusail Local,25.397909,51.493253,25
ORD-HYBRID-72,2025-01-15 18:31:03,Al Waab Hub,25.261738,51.477391,Al Waab Local,25.26522,51.4589,18
ORD-HYBRID-73,2025-01-15 18:03:07,West Bay Hub,25.316457,51.516511,City Spread,25.294731,51.414503,36
ORD-HYBRID-74,2025-01-15 18:07:54,The Pearl Hub,25.373743,51.550822,City Spread,25.403473,51.435859,40
ORD-HYBRID-75,2025-01-15 18:45:33,Lusail Hub,25.400805,51.491665,Lusail Local,25.399703,51.493263,16
ORD-HYBRID-76,2025-01-15 18:09:07,Lusail Hub,25.397444,51.489904,City Spread,25.23551,51.424012,57
ORD-HYBRID-77,2025-01-15 18:23:29,The Pearl Hub,25.372244,51.546921,The Pearl Local,25.364306,51.550086,18
ORD-HYBRID-78,2025-01-15 18:30:17,West Bay Hub,25.313389,51.51677,City Spread,25.431833,51.406372,50
ORD-HYBRID-79,2025-01-15 18:04:35,Al Sadd Hub,25.307018,51.494262,Al Sadd Local,25.305995,51.47911,17
ORD-HYBRID-80,2025-01-15 18:18:32,The Pearl Hub,25.366847,51.550261,The Pearl Local,25.373725,51.552322,14
ORD-HYBRID-81,2025-01-15 18:15:19,The Pearl Hub,25.37234,51.539169,The Pearl Local,25.360357,51.55142,22
ORD-HYBRID-82,2025-01-15 18:13:21,Al Waab Hub,25.277358,51.467207,Al Waab Local,25.262621,51.454046,23
ORD-HYBRID-83,2025-01-15 18:20:52,West Bay Hub,25.308342,51.516454,City Spread,25.298417,51.426988,38
ORD-HYBRID-84,2025-01-15 18:33:15,Al Waab Hub,25.265719,51.447872,Al Waab Local,25.258891,51.436173,19
ORD-HYBRID-85,2025-01-15 18:32:43,The Pearl Hub,25.375406,51.543821,The Pearl Local,25.366032,51.5532,22
ORD-HYBRID-86,2025-01-15 18:02:57,Old Airport Hub,25.24168,51.552623,Old Airport Local,25.273288,51.555676,20
ORD-HYBRID-87,2025-01-15 18:07:01,West Bay Hub,25.325928,51.517503,City Spread,25.369762,51.504495,28
ORD-HYBRID-88,2025-01-15 18:16:51,Al Sadd Hub,25.303921,51.48493,Al Sadd Local,25.290337,51.496183,21
ORD-HYBRID-89,2025-01-15 18:36:59,City Spread Restaurant,25.448704,51.443771,City Spread Residence,25.419086,51.46469,27
ORD-HYBRID-90,2025-01-15 18:20:10,Old Airport Hub,25.247509,51.56229,City Spread,25.238411,51.484742,34
ORD-HYBRID-91,2025-01-15 18:31:14,Old Airport Hub,25.252128,51.546737,City Spread,25.252795,51.474125,29
ORD-HYBRID-92,2025-01-15 18:58:16,Lusail Hub,25.404833,51.517855,Lusail Local,25.400043,51.512007,15
ORD-HYBRID-93,2025-01-15 18:19:22,West Bay Hub,25.325974,51.518777,West Bay Local,25.324174,51.518496,16
ORD-HYBRID-94,2025-01-15 18:50:11,City Spread Restaurant,25.246247,51.495012,City Spread Residence,25.356276,51.40114,51
ORD-HYBRID-95,2025-01-15 18:37:55,The Pearl Hub,25.365744,51.553314,The Pearl Local,25.377818,51.547867,19
ORD-HYBRID-96,2025-01-15 18:05:41,The Pearl Hub,25.373183,51.539067,The Pearl Local,25.379123,51.547406,20
ORD-HYBRID-97,2025-01-15 18:09:19,West Bay Hub,25.343614,51.51701,West Bay Local,25.33544,51.520567,18
ORD-HYBRID-98,2025-01-15 18:56:32,The Pearl Hub,25.372404,51.538068,The Pearl Local,25.379651,51.542233,15
ORD-HYBRID-99,2025-01-15 18:39:10,Al Waab Hub,25.273101,51.482188,Al Waab Local,25.248844,51.461797,25
ORD-HYBRID-100,2025-01-15 18:20:21,The Pearl Hub,25.361764,51.550949,The Pearl Local,25.379136,51.541112,17
ORD-HYBRID-101,2025-01-15 18:00:18,Lusail Hub,25.383983,51.510878,City Spread,25.261643,51.51018,45
ORD-HYBRID-102,2025-01-15 18:46:38,The Pearl Hub,25.374735,51.546549,The Pearl Local,25.373506,51.55278,19
ORD-HYBRID-103,2025-01-15 18:41:03,Al Sadd Hub,25.298586,51.482078,Al Sadd Local,25.297934,51.494347,21
ORD-HYBRID-104,2025-01-15 18:31:03,City Spread Restaurant,25.278751,51.449183,City Spread Residence,25.24271,51.500899,28
ORD-HYBRID-105,2025-01-15 18:37:11,Old Airport Hub,25.24962,51.562469,City Spread,25.325313,51.465392,43
ORD-HYBRID-106,2025-01-15 18:19:59,Al Sadd Hub,25.29899,51.487617,Al Sadd Local,25.302771,51.480028,20
ORD-HYBRID-107,2025-01-15 18:00:31,City Spread Restaurant,25.352356,51.44231,City Spread Residence,25.392599,51.490217,32
ORD-HYBRID-108,2025-01-15 18:43:43,Al Sadd Hub,25.278201,51.481055,Al Sadd Local,25.2951,51.488758,20
ORD-HYBRID-109,2025-01-15 18:21:26,The Pearl Hub,25.375202,51.552903,The Pearl Local,25.366878,51.552382,21
ORD-HYBRID-110,2025-01-15 18:28:01,Lusail Hub,25.400015,51.504765,Lusail Local,25.435464,51.498305,21
ORD-HYBRID-111,2025-01-15 18:56:02,City Spread Restaurant,25.424622,51.400733,City Spread Residence,25.272883,51.560258,67
ORD-HYBRID-112,2025-01-15 18:53:04,The Pearl Hub,25.372597,51.540861,City Spread,25.25835,51.563666,45
ORD-HYBRID-113,2025-01-15 18:19:52,The Pearl Hub,25.368027,51.552327,The Pearl Local,25.374021,51.548118,15
ORD-HYBRID-114,2025-01-15 18:50:16,Al Sadd Hub,25.289644,51.477029,Al Sadd Local,25.294951,51.484807,20
ORD-HYBRID-115,2025-01-15 18:42:46,West Bay Hub,25.326219,51.5074,City Spread,25.402341,51.422188,38
ORD-HYBRID-116,2025-01-15 18:02:43,City Spread Restaurant,25.412518,51.438499,City Spread Residence,25.213615,51.500896,65
ORD-HYBRID-117,2025-01-15 18:13:43,Al Sadd Hub,25.289957,51.486439,City Spread,25.314488,51.515987,21
ORD-HYBRID-118,2025-01-15 18:42:46,City Spread Restaurant,25.304409,51.437676,City Spread Residence,25.330363,51.51439,32
ORD-HYBRID-119,2025-01-15 18:29:18,City Spread Restaurant,25.376347,51.495127,City Spread Residence,25.398866,51.440214,32
ORD-HYBRID-120,2025-01-15 18:33:50,West Bay Hub,25.321434,51.519251,West Bay Local,25.31211,51.517272,21
ORD-HYBRID-121,2025-01-15 18:07:53,City Spread Restaurant,25.423381,51.455972,City Spread Residence,25.361,51.483482,33
ORD-HYBRID-122,2025-01-15 18:27:09,Al Waab Hub,25.27779,51.458609,Al Waab Local,25.252326,51.461293,20
ORD-HYBRID-123,2025-01-15 18:01:10,City Spread Restaurant,25.287639,51.439474,City Spread Residence,25.248294,51.420651,23
ORD-HYBRID-124,2025-01-15 18:39:56,West Bay Hub,25.315624,51.515694,City Spread,25.336963,51.4175,36
ORD-HYBRID-125,2025-01-15 18:29:09,City Spread Restaurant,25.359492,51.474204,City Spread Residence,25.221905,51.505822,49
ORD-HYBRID-126,2025-01-15 18:56:39,City Spread Restaurant,25.356433,51.489066,City Spread Residence,25.367732,51.478902,16
ORD-HYBRID-127,2025-01-15 18:50:26,City Spread Restaurant,25.253882,51.505837,City Spread Residence,25.407334,51.507984,49
ORD-HYBRID-128,2025-01-15 18:59:40,Al Waab Hub,25.262061,51.467435,Al Waab Local,25.271364,51.478904,20
ORD-HYBRID-129,2025-01-15 18:41:20,West Bay Hub,25.312921,51.514411,West Bay Local,25.331188,51.520615,23
ORD-HYBRID-130,2025-01-15 18:48:36,Old Airport Hub,25.258115,51.557788,Old Airport Local,25.246632,51.557633,22
ORD-HYBRID-131,2025-01-15 18:14:00,Old Airport Hub,25.231629,51.566478,Old Airport Local,25.248286,51.563472,19
ORD-HYBRID-132,2025-01-15 18:07:12,City Spread Restaurant,25.301666,51.473316,City Spread Residence,25.420675,51.40649,48
ORD-HYBRID-133,2025-01-15 18:08:14,Lusail Hub,25.40562,51.514177,City Spread,25.288988,51.452708,45
ORD-HYBRID-134,2025-01-15 18:20:13,West Bay Hub,25.323858,51.517335,West Bay Local,25.326366,51.518176,14
ORD-HYBRID-135,2025-01-15 18:05:40,Lusail Hub,25.400859,51.518925,Lusail Local,25.378337,51.492464,25
ORD-HYBRID-136,2025-01-15 18:57:18,Al Sadd Hub,25.286579,51.478468,Al Sadd Local,25.296973,51.482234,16
ORD-HYBRID-137,2025-01-15 18:15:43,Al Waab Hub,25.252488,51.444354,Al Waab Local,25.280732,51.464979,27
ORD-HYBRID-138,2025-01-15 18:05:35,City Spread Restaurant,25.354543,51.496809,City Spread Residence,25.330675,51.460401,26
ORD-HYBRID-139,2025-01-15 18:56:05,West Bay Hub,25.338369,51.514757,West Bay Local,25.31403,51.514007,22
ORD-HYBRID-140,2025-01-15 18:04:43,City Spread Restaurant,25.444172,51.470089,City Spread Residence,25.370476,51.507637,31
ORD-HYBRID-141,2025-01-15 18:40:45,Old Airport Hub,25.246341,51.566066,Old Airport Local,25.224681,51.56105,22
ORD-HYBRID-142,2025-01-15 18:39:23,City Spread Restaurant,25.3043,51.443675,City Spread Residence,25.329183,51.449805,19
ORD-HYBRID-143,2025-01-15 18:44:20,City Spread Restaurant,25.317521,51.428041,City Spread Residence,25.409308,51.458872,35
ORD-HYBRID-144,2025-01-15 18:11:22,Lusail Hub,25.438377,51.49701,City Spread,25.374936,51.423074,39
ORD-HYBRID-145,2025-01-15 18:35:46,Al Waab Hub,25.254697,51.454091,Al Waab Local,25.258392,51.455117,17
ORD-HYBRID-146,2025-01-15 18:50:38,Lusail Hub,25.376824,51.509553,City Spread,25.293189,51.409437,47
ORD-HYBRID-147,2025-01-15 18:53:31,Al Waab Hub,25.267354,51.462448,Al Waab Local,25.26455,51.454536,20
ORD-HYBRID-148,2025-01-15 18:31:19,City Spread Restaurant,25.418289,51.49368,City Spread Residence,25.29417,51.429045,49
ORD-HYBRID-149,2025-01-15 18:46:48,Old Airport Hub,25.224343,51.557196,Old Airport Local,25.245282,51.567148,25
ORD-HYBRID-150,2025-01-15 18:54:04,Lusail Hub,25.384321,51.524846,City Spread,25.349456,51.49594,28
ORD-HYBRID-151,2025-01-15 18:41:59,Lusail Hub,25.399477,51.518397,City Spread,25.395206,51.499604,21
ORD-HYBRID-152,2025-01-15 18:50:01,City Spread Restaurant,25.267918,51.406085,City Spread Residence,25.408047,51.433716,47
ORD-HYBRID-153,2025-01-15 18:10:56,Old Airport Hub,25.228908,51.554107,City Spread,25.343847,51.435136,50
ORD-HYBRID-154,2025-01-15 18:31:18,Lusail Hub,25.397607,51.494593,Lusail Local,25.381652,51.514893,19
ORD-HYBRID-155,2025-01-15 18:06:41,City Spread Restaurant,25.418939,51.408527,City Spread Residence,25.213119,51.469361,63
ORD-HYBRID-156,2025-01-15 18:00:08,Lusail Hub,25.36713,51.509978,Lusail Local,25.408608,51.497627,22
ORD-HYBRID-157,2025-01-15 18:21:11,The Pearl Hub,25.360099,51.554706,City Spread,25.203146,51.565976,47
ORD-HYBRID-158,2025-01-15 18:49:57,City Spread Restaurant,25.239123,51.546366,City Spread Residence,25.237912,51.411192,49
ORD-HYBRID-159,2025-01-15 18:10:46,City Spread Restaurant,25.271279,51.452481,City Spread Residence,25.386289,51.449952,40
ORD-HYBRID-160,2025-01-15 18:22:54,Lusail Hub,25.377435,51.488973,City Spread,25.235168,51.406569,53
ORD-HYBRID-161,2025-01-15 18:01:40,Al Waab Hub,25.253023,51.463965,Al Waab Local,25.272782,51.488037,22
ORD-HYBRID-162,2025-01-15 18:57:41,Lusail Hub,25.419835,51.50566,Lusail Local,25.398393,51.502965,24
ORD-HYBRID-163,2025-01-15 18:57:08,City Spread Restaurant,25.275109,51.569802,City Spread Residence,25.412833,51.426326,60
ORD-HYBRID-164,2025-01-15 18:55:44,West Bay Hub,25.328618,51.504401,West Bay Local,25.3171,51.505885,18
ORD-HYBRID-165,2025-01-15 18:05:44,The Pearl Hub,25.372315,51.547377,The Pearl Local,25.369804,51.551084,16
ORD-HYBRID-166,2025-01-15 18:10:52,Old Airport Hub,25.233565,51.553221,Old Airport Local,25.225673,51.568088,18
ORD-HYBRID-167,2025-01-15 18:42:36,West Bay Hub,25.321206,51.519369,City Spread,25.425495,51.517178,38
ORD-HYBRID-168,2025-01-15 18:57:40,City Spread Restaurant,25.396578,51.475385,City Spread Residence,25.293959,51.459336,40
ORD-HYBRID-169,2025-01-15 18:54:36,The Pearl Hub,25.376,51.553381,The Pearl Local,25.375474,51.538209,19
ORD-HYBRID-170,2025-01-15 18:55:50,City Spread Restaurant,25.206261,51.405189,City Spread Residence,25.257131,51.420529,31
ORD-HYBRID-171,2025-01-15 18:04:52,Al Waab Hub,25.261218,51.489807,Al Waab Local,25.250412,51.441412,30
ORD-HYBRID-172,2025-01-15 18:49:22,The Pearl Hub,25.363943,51.550347,The Pearl Local,25.368472,51.553562,15
ORD-HYBRID-173,2025-01-15 18:27:38,The Pearl Hub,25.369771,51.553879,The Pearl Local,25.364697,51.554659,17
ORD-HYBRID-174,2025-01-15 18:28:08,Al Sadd Hub,25.307181,51.488871,Al Sadd Local,25.303782,51.483903,19
ORD-HYBRID-175,2025-01-15 18:26:25,Old Airport Hub,25.253954,51.538067,Old Airport Local,25.238194,51.567655,22
ORD-HYBRID-176,2025-01-15 18:34:08,Al Sadd Hub,25.296832,51.495456,City Spread,25.330809,51.501567,24
ORD-HYBRID-177,2025-01-15 18:40:51,Lusail Hub,25.389356,51.518609,Lusail Local,25.412524,51.519326,19
ORD-HYBRID-178,2025-01-15 18:07:23,City Spread Restaurant,25.405723,51.507322,City Spread Residence,25.23075,51.52202,52
ORD-HYBRID-179,2025-01-15 18:01:01,City Spread Restaurant,25.347446,51.444904,City Spread Residence,25.254018,51.535046,47
ORD-HYBRID-180,2025-01-15 18:58:56,Al Waab Hub,25.258549,51.441937,Al Waab Local,25.260345,51.437722,14
ORD-HYBRID-181,2025-01-15 18:27:19,Al Waab Hub,25.267298,51.472912,Al Waab Local,25.262497,51.446522,25
ORD-HYBRID-182,2025-01-15 18:00:19,City Spread Restaurant,25.251196,51.400526,City Spread Residence,25.358133,51.424059,44
ORD-HYBRID-183,2025-01-15 18:29:18,City Spread Restaurant,25.401367,51.489234,City Spread Residence,25.396028,51.430345,32
ORD-HYBRID-184,2025-01-15 18:41:47,Lusail Hub,25.390062,51.514292,City Spread,25.236528,51.567665,54
ORD-HYBRID-185,2025-01-15 18:23:08,City Spread Restaurant,25.308142,51.488744,City Spread Residence,25.257539,51.429024,31
ORD-HYBRID-186,2025-01-15 18:52:06,Al Waab Hub,25.290074,51.438856,City Spread,25.274778,51.479998,24
ORD-HYBRID-187,2025-01-15 18:14:20,Lusail Hub,25.383585,51.517622,Lusail Local,25.395891,51.486365,20
ORD-HYBRID-188,2025-01-15 18:23:58,City Spread Restaurant,25.375453,51.546869,City Spread Residence,25.291542,51.443009,44
ORD-HYBRID-189,2025-01-15 18:12:16,City Spread Restaurant,25.403131,51.451383,City Spread Residence,25.318849,51.420965,36
ORD-HYBRID-190,2025-01-15 18:59:44,Al Sadd Hub,25.283351,51.49627,City Spread,25.291066,51.510708,21
ORD-HYBRID-191,2025-01-15 18:10:04,Al Sadd Hub,25.293845,51.509983,Al Sadd Local,25.300513,51.482512,22
ORD-HYBRID-192,2025-01-15 18:40:02,Al Sadd Hub,25.296816,51.495861,City Spread,25.396576,51.4241,41
ORD-HYBRID-193,2025-01-15 18:23:02,City Spread Restaurant,25.34662,51.412498,City Spread Residence,25.200529,51.489754,54
ORD-HYBRID-194,2025-01-15 18:13:06,Al Waab Hub,25.261315,51.459594,Al Waab Local,25.2807,51.467538,17
ORD-HYBRID-195,2025-01-15 18:06:11,Old Airport Hub,25.223133,51.556807,Old Airport Local,25.234799,51.558478,16
ORD-HYBRID-196,2025-01-15 18:43:46,City Spread Restaurant,25.271108,51.452103,City Spread Residence,25.405068,51.465869,46
ORD-HYBRID-197,2025-01-15 18:31:46,Al Sadd Hub,25.300973,51.49657,Al Sadd Local,25.290129,51.4845,23
ORD-HYBRID-198,2025-01-15 18:59:46,City Spread Restaurant,25.370959,51.409768,City Spread Residence,25.418951,51.405941,25
ORD-HYBRID-199,2025-01-15 18:09:40,City Spread Restaurant,25.359096,51.437498,City Spread Residence,25.219203,51.525399,50
ORD-HYBRID-200,2025-01-15 18:54:31,City Spread Restaurant,25.210452,51.408551,City Spread Residence,25.217484,51.531168,45
ORD-HYBRID-201,2025-01-15 18:13:31,Lusail Hub,25.392196,51.498352,City Spread,25.395141,51.515355,22
ORD-HYBRID-202,2025-01-15 18:24:24,Old Airport Hub,25.224306,51.554715,Old Airport Local,25.224693,51.562696,16
ORD-HYBRID-203,2025-01-15 18:22:21,City Spread Restaurant,25.262526,51.427843,City Spread Residence,25.254072,51.441944,19
ORD-HYBRID-204,2025-01-15 18:02:39,Lusail Hub,25.408922,51.490702,Lusail Local,25.394105,51.508357,19
ORD-HYBRID-205,2025-01-15 18:02:13,City Spread Restaurant,25.436148,51.425257,City Spread Residence,25.201677,51.448301,70
ORD-HYBRID-206,2025-01-15 18:58:12,The Pearl Hub,25.361548,51.553792,The Pearl Local,25.37616,51.5462,23
ORD-HYBRID-207,2025-01-15 18:23:15,City Spread Restaurant,25.341587,51.442858,City Spread Residence,25.355086,51.405306,25
ORD-HYBRID-208,2025-01-15 18:07:27,Lusail Hub,25.386721,51.493072,Lusail Local,25.431306,51.480306,26
ORD-HYBRID-209,2025-01-15 18:56:36,Lusail Hub,25.409031,51.485775,Lusail Local,25.389723,51.510188,24
ORD-HYBRID-210,2025-01-15 18:41:09,Lusail Hub,25.386487,51.517705,Lusail Local,25.399608,51.506584,22
ORD-HYBRID-211,2025-01-15 18:01:29,City Spread Restaurant,25.412128,51.504251,City Spread Residence,25.208355,51.482927,64
ORD-HYBRID-212,2025-01-15 18:13:33,City Spread Restaurant,25.275413,51.403176,City Spread Residence,25.288736,51.515937,44
ORD-HYBRID-213,2025-01-15 18:35:31,Al Sadd Hub,25.297016,51.507766,Al Sadd Local,25.275227,51.473825,26
ORD-HYBRID-214,2025-01-15 18:57:01,Al Sadd Hub,25.274536,51.499522,City Spread,25.369461,51.474685,35
ORD-HYBRID-215,2025-01-15 18:56:58,Al Waab Hub,25.268694,51.466778,Al Waab Local,25.238438,51.488729,26
ORD-HYBRID-216,2025-01-15 18:30:38,Lusail Hub,25.393065,51.493471,City Spread,25.277641,51.56172,48
ORD-HYBRID-217,2025-01-15 18:20:32,City Spread Restaurant,25.277626,51.564863,City Spread Residence,25.371269,51.457533,49
ORD-HYBRID-218,2025-01-15 18:39:56,Al Sadd Hub,25.28614,51.487843,City Spread,25.244639,51.430238,30
ORD-HYBRID-219,2025-01-15 18:27:40,West Bay Hub,25.319213,51.504992,West Bay Local,25.338268,51.512653,19
ORD-HYBRID-220,2025-01-15 18:43:07,City Spread Restaurant,25.26985,51.499654,City Spread Residence,25.36131,51.475035,38
ORD-HYBRID-221,2025-01-15 18:29:57,West Bay Hub,25.329891,51.513114,City Spread,25.407342,51.446743,38
ORD-HYBRID-222,2025-01-15 18:20:08,City Spread Restaurant,25.309007,51.467416,City Spread Residence,25.22762,51.412536,35
ORD-HYBRID-223,2025-01-15 18:26:43,City Spread Restaurant,25.349449,51.451473,City Spread Residence,25.358729,51.427217,22
ORD-HYBRID-224,2025-01-15 18:36:11,Old Airport Hub,25.231406,51.558158,Old Airport Local,25.236695,51.551541,18
ORD-HYBRID-225,2025-01-15 18:27:24,Old Airport Hub,25.24345,51.552788,Old Airport Local,25.243336,51.557448,14
ORD-HYBRID-226,2025-01-15 18:28:28,West Bay Hub,25.319756,51.504375,City Spread,25.263421,51.475829,27
ORD-HYBRID-227,2025-01-15 18:23:13,Al Waab Hub,25.262619,51.47357,Al Waab Local,25.269696,51.443257,20
ORD-HYBRID-228,2025-01-15 18:09:43,City Spread Restaurant,25.311657,51.419277,City Spread Residence,25.233784,51.449003,34
ORD-HYBRID-229,2025-01-15 18:37:22,Old Airport Hub,25.238792,51.555337,City Spread,25.251653,51.469202,37
ORD-HYBRID-230,2025-01-15 18:43:53,Al Waab Hub,25.251129,51.460645,Al Waab Local,25.228274,51.4698,19
ORD-HYBRID-231,2025-01-15 18:12:59,West Bay Hub,25.320929,51.519588,West Bay Local,25.320201,51.512584,18
ORD-HYBRID-232,2025-01-15 18:55:27,West Bay Hub,25.308744,51.513874,West Bay Local,25.326403,51.50937,18
ORD-HYBRID-233,2025-01-15 18:03:10,The Pearl Hub,25.37999,51.552722,The Pearl Local,25.374492,51.545087,20
ORD-HYBRID-234,2025-01-15 18:31:22,City Spread Restaurant,25.22394,51.464595,City Spread Residence,25.390284,51.503183,50
ORD-HYBRID-235,2025-01-15 18:23:03,West Bay Hub,25.325802,51.518703,City Spread,25.25717,51.525594,29
ORD-HYBRID-236,2025-01-15 18:51:04,City Spread Restaurant,25.263357,51.494128,City Spread Residence,25.207362,51.402275,40
ORD-HYBRID-237,2025-01-15 18:51:06,City Spread Restaurant,25.39535,51.514772,City Spread Residence,25.25829,51.506779,45
ORD-HYBRID-238,2025-01-15 18:10:27,Lusail Hub,25.401995,51.504273,City Spread,25.42278,51.458154,30
ORD-HYBRID-239,2025-01-15 18:50:56,City Spread Restaurant,25.207689,51.418701,City Spread Residence,25.269768,51.434922,30
ORD-HYBRID-240,2025-01-15 18:01:27,West Bay Hub,25.315898,51.514301,City Spread,25.27386,51.452066,32
ORD-HYBRID-241,2025-01-15 18:46:21,City Spread Restaurant,25.219646,51.400067,City Spread Residence,25.340653,51.453526,43
ORD-HYBRID-242,2025-01-15 18:55:29,City Spread Restaurant,25.307812,51.510488,City Spread Residence,25.299001,51.420695,37
ORD-HYBRID-243,2025-01-15 18:44:28,City Spread Restaurant,25.221995,51.490707,City Spread Residence,25.220449,51.421013,34
ORD-HYBRID-244,2025-01-15 18:47:13,West Bay Hub,25.315264,51.513224,West Bay Local,25.321475,51.518979,16
ORD-HYBRID-245,2025-01-15 18:21:16,City Spread Restaurant,25.42422,51.502686,City Spread Residence,25.230183,51.525249,58
ORD-HYBRID-246,2025-01-15 18:15:59,West Bay Hub,25.322721,51.507312,West Bay Local,25.327701,51.504795,18
ORD-HYBRID-247,2025-01-15 18:42:55,The Pearl Hub,25.375734,51.544306,The Pearl Local,25.375914,51.551403,17
ORD-HYBRID-248,2025-01-15 18:19:01,Old Airport Hub,25.260158,51.561979,Old Airport Local,25.234565,51.56284,20
ORD-HYBRID-249,2025-01-15 18:09:53,Al Waab Hub,25.280168,51.459877,Al Waab Local,25.273573,51.458332,19
ORD-HYBRID-250,2025-01-15 18:43:20,Old Airport Hub,25.234859,51.5618,Old Airport Local,25.239463,51.563118,20
ORD-HYBRID-251,2025-01-15 18:10:39,City Spread Restaurant,25.372623,51.472979,City Spread Residence,25.416307,51.4834,28
ORD-HYBRID-252,2025-01-15 18:24:58,City Spread Restaurant,25.438661,51.419819,City Spread Residence,25.285648,51.402122,53
ORD-HYBRID-253,2025-01-15 18:33:49,Lusail Hub,25.385873,51.504667,Lusail Local,25.40453,51.491706,22
ORD-HYBRID-254,2025-01-15 18:46:17,Lusail Hub,25.416832,51.508215,Lusail Local,25.412341,51.510153,19
ORD-HYBRID-255,2025-01-15 18:26:55,Al Sadd Hub,25.301802,51.480879,Al Sadd Local,25.30196,51.477103,16
ORD-HYBRID-256,2025-01-15 18:58:42,City Spread Restaurant,25.275041,51.421724,City Spread Residence,25.396301,51.460178,45
ORD-HYBRID-257,2025-01-15 18:51:14,West Bay Hub,25.315937,51.515943,West Bay Local,25.320748,51.511034,15
ORD-HYBRID-258,2025-01-15 18:13:57,Old Airport Hub,25.235403,51.55049,Old Airport Local,25.228309,51.547669,18
ORD-HYBRID-259,2025-01-15 18:55:58,City Spread Restaurant,25.343085,51.404899,City Spread Residence,25.219013,51.519811,57
ORD-HYBRID-260,2025-01-15 18:43:50,City Spread Restaurant,25.286524,51.506017,City Spread Residence,25.406004,51.452215,42
ORD-HYBRID-261,2025-01-15 18:04:52,City Spread Restaurant,25.225855,51.436154,City Spread Residence,25.403365,51.459334,54
ORD-HYBRID-262,2025-01-15 18:39:49,City Spread Restaurant,25.203984,51.497922,City Spread Residence,25.271506,51.51515,29
ORD-HYBRID-263,2025-01-15 18:08:01,Al Waab Hub,25.254376,51.453909,City Spread,25.413489,51.491082,51
ORD-HYBRID-264,2025-01-15 18:03:08,Old Airport Hub,25.248583,51.547757,Old Airport Local,25.262012,51.551289,18
ORD-HYBRID-265,2025-01-15 18:22:11,West Bay Hub,25.32913,51.506513,West Bay Local,25.319029,51.504147,22
ORD-HYBRID-266,2025-01-15 18:43:14,Al Sadd Hub,25.297923,51.49568,Al Sadd Local,25.292501,51.499708,21
ORD-HYBRID-267,2025-01-15 18:56:44,City Spread Restaurant,25.266103,51.549288,City Spread Residence,25.201106,51.437211,42
ORD-HYBRID-268,2025-01-15 18:09:30,Old Airport Hub,25.248997,51.566259,Old Airport Local,25.249142,51.561499,17
ORD-HYBRID-269,2025-01-15 18:52:08,Al Waab Hub,25.26697,51.460337,City Spread,25.342683,51.46835,31
ORD-HYBRID-270,2025-01-15 18:22:44,City Spread Restaurant,25.420104,51.496617,City Spread Residence,25.374931,51.469736,26
ORD-HYBRID-271,2025-01-15 18:25:38,City Spread Restaurant,25.429271,51.441771,City Spread Residence,25.31119,51.416256,45
ORD-HYBRID-272,2025-01-15 18:38:16,City Spread Restaurant,25.295108,51.470118,City Spread Residence,25.20983,51.402653,39
ORD-HYBRID-273,2025-01-15 18:54:55,City Spread Restaurant,25.355648,51.460346,City Spread Residence,25.238419,51.416287,44
ORD-HYBRID-274,2025-01-15 18:52:51,City Spread Restaurant,25.22642,51.545384,City Spread Residence,25.309338,51.491936,40
ORD-HYBRID-275,2025-01-15 18:01:51,City Spread Restaurant,25.408954,51.486697,City Spread Residence,25.263418,51.459164,46
ORD-HYBRID-276,2025-01-15 18:19:27,City Spread Restaurant,25.345048,51.464497,City Spread Residence,25.273397,51.520967,37
ORD-HYBRID-277,2025-01-15 18:26:34,Al Sadd Hub,25.284591,51.479022,Al Sadd Local,25.298485,51.486944,17
ORD-HYBRID-278,2025-01-15 18:10:36,The Pearl Hub,25.377169,51.549146,The Pearl Local,25.372863,51.554234,14
ORD-HYBRID-279,2025-01-15 18:17:53,Al Sadd Hub,25.280702,51.484072,City Spread,25.289407,51.436168,25
ORD-HYBRID-280,2025-01-15 18:16:25,City Spread Restaurant,25.404923,51.497332,City Spread Residence,25.445959,51.477598,26
ORD-HYBRID-281,2025-01-15 18:14:10,West Bay Hub,25.334777,51.509289,West Bay Local,25.332157,51.51713,20
ORD-HYBRID-282,2025-01-15 18:04:48,City Spread Restaurant,25.44128,51.423077,City Spread Residence,25.367167,51.551005,46
ORD-HYBRID-283,2025-01-15 18:00:33,City Spread Restaurant,25.446076,51.496136,City Spread Residence,25.409139,51.429,32
ORD-HYBRID-284,2025-01-15 18:21:45,City Spread Restaurant,25.390343,51.448617,City Spread Residence,25.252432,51.521742,49
ORD-HYBRID-285,2025-01-15 18:37:54,City Spread Restaurant,25.202356,51.517966,City Spread Residence,25.274232,51.474002,36
ORD-HYBRID-286,2025-01-15 18:25:31,City Spread Restaurant,25.27323,51.560553,City Spread Residence,25.245887,51.564831,20
ORD-HYBRID-287,2025-01-15 18:32:09,Al Sadd Hub,25.311169,51.466256,City Spread,25.427757,51.457893,45
ORD-HYBRID-288,2025-01-15 18:48:42,Old Airport Hub,25.257622,51.535964,City Spread,25.277876,51.477662,31
ORD-HYBRID-289,2025-01-15 18:29:53,Lusail Hub,25.407326,51.50025,Lusail Local,25.400758,51.511978,19
ORD-HYBRID-290,2025-01-15 18:36:44,City Spread Restaurant,25.228192,51.551481,City Spread Residence,25.208671,51.452907,42
ORD-HYBRID-291,2025-01-15 18:59:06,City Spread Restaurant,25.434292,51.518743,City Spread Residence,25.317849,51.508837,40
ORD-HYBRID-292,2025-01-15 18:31:19,The Pearl Hub,25.377633,51.550414,City Spread,25.394006,51.498596,28
ORD-HYBRID-293,2025-01-15 18:23:32,Al Waab Hub,25.26847,51.453555,Al Waab Local,25.259099,51.449272,19
ORD-HYBRID-294,2025-01-15 18:05:21,The Pearl Hub,25.360172,51.554826,The Pearl Local,25.373023,51.54707,20
ORD-HYBRID-295,2025-01-15 18:35:33,Old Airport Hub,25.25669,51.547875,City Spread,25.315113,51.499812,34
ORD-HYBRID-296,2025-01-15 18:17:48,The Pearl Hub,25.377293,51.548885,The Pearl Local,25.373403,51.55165,15
ORD-HYBRID-297,2025-01-15 18:21:52,The Pearl Hub,25.373268,51.548056,The Pearl Local,25.364849,51.551381,18
ORD-HYBRID-298,2025-01-15 18:56:38,Al Waab Hub,25.263449,51.457511,Al Waab Local,25.26249,51.45748,14
ORD-HYBRID-299,2025-01-15 18:58:55,City Spread Restaurant,25.241242,51.42712,City Spread Residence,25.244766,51.480555,25
